<?xml version="1.0" encoding="UTF-8"?>
<!DOCTYPE mapper
  PUBLIC "-//mybatis.org//DTD Mapper 3.0//EN"
  "http://mybatis.org/dtd/mybatis-3-mapper.dtd">
  
<mapper namespace="com.springlesson.mappers.CommentsMappers">
	<select id="selectCommentsList" parameterType="int" resultType="com.springlesson.vo.Comments">
	<![CDATA[
	SELECT * FROM
		(SELECT * FROM
			(SELECT ORDER_COMMENTS.*, ROWNUM row_num FROM
				(SELECT c.*, m.name as mem_name
					FROM COMMENTS c LEFT OUTER JOIN MEMBER m
									ON c.mem_id = m.id 
					WHERE c.BOARD_NUM = #{board_num}
					ORDER BY c.num DESC)ORDER_COMMENTS
			)PAGING_COMMENTS WHERE row_num>=#{paging.startNum}
		) WHERE row_num <=#{paging.endNum}
	]]>
		
	</select>
	
	<select id="selectCount" resultType="int">
		SELECT count(*) FROM COMMENTS WHERE board_num = #{board_num}
	</select>

	<insert id="insertComments">
		INSERT INTO COMMENTS (num, board_num, content, indate, mem_id, mem_num) 
		VALUES (NVL((SELECT max(num)+1 FROM comments), 1), #{board_num}, #{content}, CURRENT_DATE, #{mem_id}, #{mem_num})
	</insert>
	
	<delete id="deleteComments">
		DELETE FROM COMMENTS WHERE num = #{num}
	</delete>
	
	<delete id="deleteAllComments">
		DELETE FROM COMMENTS WHERE board_num = #{board_num}
	</delete>
	
	<update id="updateBoard">		
		UPDATE BOARD SET passwd = #{passwd}, title = #{title},
		content=#{content} WHERE num = #{num}
	</update>	
</mapper>