<?xml version="1.0" encoding="UTF-8" ?> <!DOCTYPE mapper  PUBLIC "-//mybatis.org//DTD Mapper 3.0//EN"  "http://mybatis.org/dtd/mybatis-3-mapper.dtd">
<mapper namespace="employee">
	
	<select id="getAllDepartments" resultType="java.util.HashMap">
		select * from department order by did asc
	</select>
	
	<select id="getAllPositions" resultType="java.util.HashMap">
		select * from position order by pid asc
	</select>
	
	<select id="getEmployeeSeq" resultType="java.lang.Integer">
		select employee_seq.nextval from dual
	</select>
	
	<insert id="addEmployee" parameterType="java.util.HashMap">
		insert into employee values(#{id}, '1234', #{name}, #{did}, #{pid}, to_date(#{joindate}, 'YYYY-MM-DD'))
	</insert>
	
	<select id="getEmployee" parameterType="java.lang.String" resultType="java.util.HashMap">
		select t.*, position.pname from
			(select employee.*, department.dname from employee join department on employee.did = department.did ) t 
		join position on t.pid = position.pid where id=#{id }
	</select>
	
	<select id="checkEmployee" parameterType="java.util.HashMap" resultType="java.lang.Integer">
		select count(*) from employee where id=#{id } and pass=#{pass}
	</select>	
	
	<update id="updatePass" parameterType="java.util.HashMap">
		update employee set pass=#{npass} where id=#{id}
	</update>
	
</mapper>






