<?xml version="1.0" encoding="UTF-8"?>
<beans xmlns="http://www.springframework.org/schema/beans"
	xmlns:xsi="http://www.w3.org/2001/XMLSchema-instance"
	xmlns:context="http://www.springframework.org/schema/context"
	xmlns:websocket="http://www.springframework.org/schema/websocket"
	xsi:schemaLocation="http://www.springframework.org/schema/websocket http://www.springframework.org/schema/websocket/spring-websocket-4.3.xsd
		http://www.springframework.org/schema/beans http://www.springframework.org/schema/beans/spring-beans.xsd
		http://www.springframework.org/schema/context http://www.springframework.org/schema/context/spring-context-4.3.xsd">
	
	<context:component-scan base-package="app" />

	<bean class="org.springframework.web.servlet.mvc.method.annotation.RequestMappingHandlerMapping"/>
	<websocket:handlers>
		<websocket:mapping handler="alertSocketController" path="/alert.do"/>
		<websocket:mapping handler="chatSocketController" path="/chat.do"/>
		<websocket:handshake-interceptors >
			<bean class="org.springframework.web.socket.server.support.HttpSessionHandshakeInterceptor"/>
		</websocket:handshake-interceptors>
	</websocket:handlers>

 
	<bean id="tilesViewResolver"
		class="org.springframework.web.servlet.view.tiles3.TilesViewResolver" />
	<bean id="tilesConfigurer"
		class="org.springframework.web.servlet.view.tiles3.TilesConfigurer">
		<property name="definitions" value="/WEB-INF/tiles/*.xml"/>
	</bean>
	
	<bean id="viewResolver"
		class="org.springframework.web.servlet.view.InternalResourceViewResolver">
		<property name="prefix" value="/WEB-INF/views/" />
		<property name="suffix" value=".jsp" />
	</bean>
	<bean
		class="org.springframework.web.multipart.commons.CommonsMultipartResolver"
		id="multipartResolver" />
		
	<bean id="gson" class="com.google.gson.Gson" />
	
	<bean id="ds"
		class="org.springframework.jdbc.datasource.DriverManagerDataSource">
		<property name="driverClassName"
			value="oracle.jdbc.driver.OracleDriver" />
		<property name="url"
			value="jdbc:oracle:thin:@127.0.0.1:1521:XE" />
		<property name="username" value="system" />
		<property name="password" value="oracle" />
	</bean>
	
	<bean id="sqlSessionFactory"
		class="org.mybatis.spring.SqlSessionFactoryBean">
		<property name="dataSource" ref="ds" />
		<property name="mapperLocations" value="/WEB-INF/mappers/*.xml"/>
	</bean>
	<bean id="sqlTemplate"
		class="org.mybatis.spring.SqlSessionTemplate">
		<constructor-arg name="sqlSessionFactory"
			ref="sqlSessionFactory" />
	</bean>
	
</beans>
